,anti-anti,syn-anti,anti-syn,diagonal + lateral loops,syn-syn,other,total nt steps,diagonal + lateral loops alt 2,,anti-anti,syn-anti,anti-syn,diagonal + lateral loops,syn-syn,other
1EMQ,8,0,0,0,0,16,24,0,,,,,,,
1EVM,8,0,0,0,0,8,16,0,,0.5,0,0,0,0,0.5
1FQP,2,4,0,4,2,6,18,5,,0.11,0.22,0,0.22,0.11,0.33
1I34,0,4,0,11,0,4,19,14,,0,0.21,0,0.58,0,0.21
1LVS,0,4,4,5,0,7,20,6,,0,0.2,0.2,0.25,0,0.35
1NP9,8,0,0,0,0,16,24,0,,0.33,0,0,0,0,0.67
1XAV,8,0,0,4,0,9,21,7,,0.38,0,0,0.19,0,0.43
139D,12,0,0,0,0,12,24,0,,0.5,0,0,0,0,0.5
148D,0,4,0,7,0,3,14,10,,0,0.29,0,0.5,0,0.21
186D,3,4,0,9,1,6,23,12,,0.13,0.17,0,0.39,0.04,0.26
201D,0,8,4,12,0,3,27,15,,0,0.3,0.15,0.44,0,0.11
156D,0,8,4,4,0,6,22,5,,0,0.36,0.18,0.18,0,0.27
1S45,12,0,0,0,0,8,20,0,,0.6,0,0,0,0,0.4
2AVH,0,8,4,3,0,5,20,4,,*2avh was replaced with 2avj!!,,,,,
2GKU,3,4,0,9,1,6,23,12,,0.13,0.17,0,0.39,0.04,0.26
2HY9,3,3,0,9,1,9,25,12,,0.12,0.12,0,0.36,0.04,0.36
2JSM,3,4,0,9,1,5,22,12,,0.14,0.18,0,0.41,0.05,0.23
2JPZ,3,4,0,9,1,8,25,12,,0.12,0.16,0,0.36,0.04,0.32
2JSL,3,4,0,9,1,7,24,12,,0.13,0.17,0,0.38,0.04,0.29
2KF8,0,4,0,12,0,5,21,15,,0,0.19,0,0.57,0,0.24
2KKA,0,4,0,12,0,6,22,15,,0,0.18,0,0.55,0,0.27
2LD8,8,0,0,9,0,5,22,12,,0.36,0,0,0.41,0,0.23
143D,0,4,4,9,0,4,21,12,,0,0.19,0.19,0.43,0,0.19